Name,Team,Type,ValueinCR,Full Name,Age,National Side,Batting Style,Bowling,MatchPlayed,InningsBatted,NotOuts,RunsScored,HighestInnScore,100s,50s,4s,6s,BattingAVG,BattingS/R,CatchesTaken,StumpingsMade,Ducks,R/O,InningsBowled,Overs,Maidens,RunsConceded,Wickets,Best,3s,5s,BowlingAVG,EconomyRate,S/R,Mtc,Captaincy
Anmolpreet Singh,MI,Batsman ,0.2,Anmolpreet Singh,"23 Years, 11 Months, 18 Days",India,Right Handed,Off break,1,1,0,16,16 v CSK,0,0,2,1,16,114.28,,,0,0,,,,,,,,,,,,,0
Anukul Roy,KKR,All-Rounder ,0.2,Anukul Sudhakar Roy,"23 Years, 3 Months, 15 Days",India,Left Handed,Slow left-arm orthodox,1,0,0,,,0,0,0,0,,0,,,0,0,1,2,0,11,1,1/11 v CSK,0,0,11,5.5,12,1,0
Ishan Porel,PBKS,Bowler ,0.25,Ishan Chandranath Porel,"23 Years, 6 Months, 10 Days",India,Right Handed,Right-arm medium,1,0,0,,,0,0,0,0,,0,,,0,0,1,4,0,39,1,1/39 v RR,0,0,39,9.75,24,1,0
Kuldip Yadav,RR,Bowler ,0.2,Kuldip Yadav,"25 Years, 5 Months, 0 Days",India,Left Handed,Left-arm medium fast,1,1,1,0,0* v MI,0,0,0,0,,0,,,1,0,1,2,0,16,0,0/16 v MI,0,0,,8,,1,0
Mark Wood,LSG,Bowler ,7.5,Mark Andrew Wood,"32 Years, 2 Months, 4 Days",England,Right Handed,Right-arm fast,1,1,0,1,1 v MI,0,0,0,0,1,33.33,1,0,0,0,1,4,0,49,0,0/49 v MI,0,0,,12.25,,1,0
Rasikh Dar,KKR,Bowler ,0.2,Rasikh Salam Dar,"20 Years, 11 Months, 10 Days",India,Right Handed,Right-arm medium,1,1,1,5,5* v DC,0,0,0,0,,125,1,0,0,0,1,4,0,42,0,0/42 v DC,0,0,,10.5,,1,0
Tejas Baroka,RR,Bowler ,0.2,Tejas Singh Baroka,"26 Years, 1 Months, 12 Days",India,Right Handed,Leg break googly,1,0,0,,,0,0,0,0,,0,,,0,0,1,3.3,0,33,0,0/33 v SRH,0,0,,9.42,,1,0
Tim David,MI,All-Rounder ,8.25,Timothy Hays David,"26 Years, 0 Months, -1 Days",Singapore,Right Handed,Off break,1,1,0,1,1 v CSK,0,0,0,0,1,33.33,,,0,0,,,,,,,,,,,,,0
Tim Seifert,DC,Wicket-Keeper ,0.5,Tim Louis Seifert,"27 Years, 3 Months, 1 Days",New Zealand,Right Handed,,1,1,0,2,2 v PBKS,0,0,0,0,2,50,,,0,1,,,,,,,,,,,,,0
Anuj Rawat,RCB,Wicket-Keeper ,3.4,Anuj Rawat,"22 Years, 5 Months, -1 Days",India,Left Handed,,2,1,0,0,0 v KKR,0,0,0,0,0,0,3,0,1,0,,,,,,,,,,,,,0
Marco Jansen,SRH,All-Rounder ,4.2,Marco Jansen,"21 Years, 10 Months, 14 Days",South Africa,Right Handed,Left-arm fast,2,2,0,0,0 v KKR,0,0,0,0,0,0,1,0,2,0,2,6,0,45,2,2/28 v RCB,0,0,22.5,7.5,18,2,0
Ripal Patel,DC,All-Rounder ,0.2,Ripal Vinubhai Patel,"26 Years, 5 Months, 18 Days",India,Right Handed,Right-arm medium fast,2,2,1,25,18 v CSK,0,0,3,0,25,92.59,,,0,0,1,3,0,22,0,0/22 v RCB,0,0,,7.33,,1,0
Sean Abbott,SRH,Bowler ,2.4,Sean Anthony Abbott,"30 Years, 0 Months, 15 Days",Australia,Right Handed,Right-arm fast medium,2,2,0,15,14 v SRH,0,0,1,1,7.5,115.38,,,0,1,2,5,0,57,0,0/21 v SRH,0,0,,11.4,,2,0
Wanindu Hasaranga,RCB,All-Rounder ,10.75,Pinnaduwage Wanindu Hasaranga De Silva,"24 Years, 7 Months, 17 Days",Sri Lanka,Right Handed,Leg break,2,2,1,1,1* v CSK,0,0,0,0,1,50,,,1,0,2,6,0,60,0,0/20 v KKR,0,0,,10,,2,0
Alzarri Joseph,GT,Bowler ,2.4,Alzarri Shaheim Joseph,"25 Years, 3 Months, 25 Days",West Indies,Right Handed,Right-arm fast medium,3,2,2,15,15* v PBKS,0,0,2,0,,115.38,1,0,1,0,3,8.4,1,87,6,6/12 v SRH,0,1,14.5,10.03,8.66,3,0
David Willey,RCB,All-Rounder ,2,David Jonathan Willey,"32 Years, 0 Months, 15 Days",England,Left Handed,Left-arm fast medium,3,0,0,,,0,0,0,0,,0,2,0,0,0,3,10,0,95,2,1/24 v RCB,0,0,47.5,9.5,30,3,0
Glenn Phillips,SRH,Wicket-Keeper ,1.5,Glenn Dominic Phillips,"25 Years, 3 Months, 9 Days",New Zealand,Right Handed,Off break,3,3,1,26,14* v CSK,0,0,1,2,13,78.78,1,0,0,0,2,2,0,20,1,1/17 v KKR,0,0,20,10,12,2,0
KM Asif,CSK,Bowler ,0.2,KM Asif,"28 Years, 7 Months, 22 Days",India,Right Handed,Right-arm medium,3,0,0,,,0,0,0,0,,0,,,0,0,3,8.1,0,93,4,2/43 v DC,0,0,23.25,11.38,12.25,3,0
Matthew Wade,GT,Wicket-Keeper ,2.4,Matthew Scott Wade,"34 Years, 2 Months, 21 Days",Australia,Left Handed,Right-arm medium,3,3,0,22,11 v PWI,0,0,0,0,7.33,66.66,,,0,0,,,,,,,,,,,,,0
Nathan Ellis,PBKS,Bowler ,0.75,Nathan Ellis,"27 Years, 5 Months, 23 Days",Australia,Right Handed,Right-arm fast medium,3,2,1,18,12 v SRH,0,0,0,1,18,112.5,,,0,0,3,11,0,90,1,1/12 v MI,0,0,90,8.18,66,3,0
Pravin Dubey,DC,All-Rounder ,0.5,Pravin Dubey,"28 Years, 8 Months, 14 Days",India,Right Handed,Leg break googly,3,1,1,7,7* v MI,0,0,0,0,,53.84,1,0,0,0,3,8,0,72,0,0/14 v SRH,0,0,,9,,3,0
Umran Malik,SRH,Bowler ,4,Umran Malik,"22 Years, 3 Months, 24 Days",India,Right Handed,Right-arm medium fast,3,0,0,,,0,0,0,0,,0,,,0,0,3,12,0,96,2,1/21 v RCB,0,0,48,8,36,3,0
Vishnu Vinod,SRH,Wicket-Keeper ,0.5,Vishnu Vinod,"28 Years, 3 Months, 13 Days",India,Right Handed,,3,3,0,19,9 v DC,0,0,1,1,6.33,73.07,0,2,0,1,,,,,,,,,,,,,0
Fabian Allen,MI,All-Rounder ,0.75,Fabian Anthony Allen,"26 Years, 10 Months, 9 Days",West Indies,Right Handed,Slow left-arm orthodox,4,3,2,6,6 v SRH,0,0,0,0,6,50,2,0,2,0,3,11,1,90,1,1/22 v SRH,0,0,90,8.18,66,3,0
Daniel Sams,MI,All-Rounder ,2.6,Daniel Richard Sams,"29 Years, 4 Months, 19 Days",Australia,Right Handed,Left-arm fast medium,5,3,1,6,3* v DC,0,0,0,0,3,75,3,0,1,0,5,18,0,153,1,1/24 v PBKS,0,0,153,8.5,108,5,0
Jason Behrendorff,RCB,Bowler ,0.75,Jason Paul Behrendorff,"31 Years, 10 Months, 25 Days",Australia,Right Handed,Left-arm fast medium,5,0,0,,,0,0,0,0,,0,,,0,0,5,19,0,165,5,2/22 v CSK,0,0,33,8.68,22.8,5,0
Narayan Jagadeesan,CSK,Wicket-Keeper ,0.2,Narayan Jagadeesan,"26 Years, 2 Months, 23 Days",India,Right Handed,,5,2,0,33,33 v RCB,0,0,4,0,16.5,113.79,,,1,1,,,,,,,,,,,,,0
Prabhsimran Singh,PBKS,Wicket-Keeper ,0.6,Prabhsimran Singh,"21 Years, 7 Months, 5 Days",India,Right Handed,,5,5,0,50,16 v SRH,0,0,4,2,10,90.9,2,0,0,0,,,,,,,,,,,,,0
Riley Meredith,MI,Bowler ,1,Riley Patrick Meredith,"25 Years, 8 Months, 24 Days",Australia,Right Handed,Right-arm fast,5,1,1,0,0 v RR,0,0,0,0,,0,,,1,0,5,17,0,169,4,1/29 v RCB,0,0,42.25,9.94,25.5,5,0
Tushar Deshpande,CSK,Bowler ,0.2,Tushar Uday Deshpande,"26 Years, 10 Months, 1 Days",India,Left Handed,Right-arm medium,5,2,1,21,20* v SRH,0,0,2,1,21,175,1,0,0,0,5,17,0,192,3,2/37 v RR,0,0,64,11.29,34,5,0
Tymal Mills,MI,Bowler ,1.5,Tymal Solomon Mills,"29 Years, 7 Months, 3 Days",England,Right Handed,Left-arm fast,5,3,0,8,6 v SRH,0,0,0,1,2.66,72.72,1,0,1,0,5,17.5,0,153,5,2/31 v KKR,0,0,30.6,8.57,21.4,5,0
Aiden Markram,SRH,Batsman ,2.6,Aiden Kyle Markram,"27 Years, 5 Months, 11 Days",South Africa,Right Handed,Off break,6,6,1,146,42 v MI,0,0,12,4,29.2,122.68,3,0,0,0,2,4,0,23,0,0/5 v RCB,0,0,,5.75,,2,0
Alex Hales,KKR,Batsman ,1.5,Alexander Daniel Hales,"33 Years, 2 Months, 12 Days",England,Right Handed,Right-arm medium,6,6,0,148,45 v DC,0,0,13,6,24.66,125.42,2,0,,,,,,,,,,,,,,,0
Mitchell Santner,CSK,All-Rounder ,1.9,Mitchell Josef Santner,"30 Years, 1 Months, 8 Days",New Zealand,Left Handed,Slow left-arm orthodox,6,2,1,32,22 v MI,0,0,0,3,32,139.13,2,0,0,0,6,21,0,147,6,2/13 v MI,0,0,24.5,7,21,6,0
Lalit Yadav,DC,All-Rounder ,0.65,Lalit Yadav,"25 Years, 2 Months, 12 Days",India,Right Handed,Off break,7,5,3,68,22* v MI,0,0,7,0,34,93.15,5,0,1,0,5,14,0,101,4,2/13 v KKR,0,0,25.25,7.21,21,5,0
Sherfane Rutherford,RCB,All-Rounder ,1,Sherfane Eviston Rutherford,"23 Years, 7 Months, 0 Days",West Indies,Left Handed,Right-arm fast medium,7,7,2,73,28* v RCB,0,0,2,7,14.6,135.18,5,0,0,0,6,6.5,0,59,1,1/6 v RCB,0,0,59,8.63,41,6,0
Srikar Bharat,DC,Wicket-Keeper ,2,Kona Srikar Bharat,"28 Years, 5 Months, 12 Days",India,Right Handed,,8,7,2,191,78* v DC,0,1,10,8,38.2,122.43,4,1,1,0,,,,,,,,,,,,,0
Adam Milne,CSK,Bowler ,1.9,Adam Fraser Milne,"29 Years, 11 Months, 2 Days",New Zealand,Right Handed,Right-arm fast,9,6,2,23,15 v CSK,0,0,0,1,5.75,79.31,7,0,2,0,9,32,0,308,7,2/21 v CSK,0,0,44,9.62,27.42,9,0
Liam Livingstone,PBKS,All-Rounder ,11.5,Liam Stephen Livingstone,"28 Years, 7 Months, 11 Days",England,Right Handed,Leg break,9,9,1,112,44 v SRH,0,0,9,6,14,125.84,7,0,0,0,1,1,0,13,0,0/13 v MI,0,0,,13,,1,0
Harpreet Brar,PBKS,All-Rounder ,3.8,Harpreet Brar,"26 Years, 6 Months, 0 Days",India,Left Handed,Slow left-arm orthodox,10,6,6,84,25* v RCB,0,0,5,3,,120,2,0,0,0,10,32,1,228,5,3/19 v RCB,1,0,45.6,7.12,38.4,10,0
Rinku Singh,KKR,Batsman ,0.55,Rinku Khanchand Singh,"24 Years, 5 Months, 3 Days",India,Left Handed,Off break,10,8,1,77,30 v SRH,0,0,6,2,11,101.31,6,0,0,0,,,,,,,,,,,,,0
Venkatesh Iyer,KKR,All-Rounder ,8,Venkatesh Rajasekaran Iyer,"27 Years, 2 Months, 21 Days",India,Left Handed,Right-arm medium,10,10,1,370,67 v PBKS,0,4,37,14,41.11,128.47,7,0,0,0,4,8.3,0,69,3,2/29 v DC,0,0,23,8.11,17,4,0
Kamlesh Nagarkoti,DC,All-Rounder ,1.1,Kamlesh Lachham Nagarkoti,"22 Years, 2 Months, 19 Days",India,Right Handed,Right-arm fast,11,7,3,22,8* v RR,0,0,1,0,5.5,66.66,4,0,2,0,10,28,0,256,5,2/13 v RR,0,0,51.2,9.14,33.6,10,0
KC Cariappa,RR,Bowler ,0.3,Konganda Charamanna Cariappa,"27 Years, 11 Months, 2 Days",India,Right Handed,Leg break,11,5,2,24,12* v RCB,0,0,0,2,8,114.28,3,0,0,0,11,36,0,348,8,2/16 v RCB,0,0,43.5,9.66,27,11,0
Mahipal Lomror,RCB,All-Rounder ,0.95,Mahipal Krishan Lomror,"22 Years, 4 Months, 0 Days",India,Left Handed,Slow left-arm orthodox,11,10,2,181,47 v RCB,0,0,8,9,22.62,119.86,1,0,0,0,6,10,0,74,1,1/22 v SRH,0,0,74,7.4,60,6,0
Shahrukh Khan,PBKS,All-Rounder ,9,Masood Shahrukh Khan,"26 Years, 9 Months, 20 Days",India,Right Handed,Off break,11,10,3,153,47 v CSK,0,0,9,10,21.85,134.21,4,0,1,1,,,,,,,,,,,,,0
James Neesham,RR,All-Rounder ,1.5,James Douglas Sheahan Neesham,"31 Years, 5 Months, 28 Days",New Zealand,Left Handed,Right-arm medium fast,12,8,1,61,22 v CSK,0,0,3,2,8.71,92.42,1,0,2,0,12,33,0,305,8,3/12 v RR,1,0,38.12,9.24,24.75,12,0
Josh Hazlewood,RCB,Bowler ,7.75,Josh Reginald Hazlewood,"31 Years, 2 Months, 7 Days",Australia,Left Handed,Right-arm fast medium,12,0,0,,,0,0,0,0,,0,1,0,0,0,12,45,0,357,12,3/24 v SRH,1,0,29.75,7.93,22.5,12,0
Jason Roy,GT,Batsman ,2,Jason Jonathan Roy,"31 Years, 7 Months, 25 Days",England,Right Handed,,13,13,2,329,91* v MI,0,2,39,9,29.9,129.02,8,0,0,0,,,,,,,,,,,,,0
Shahbaz Ahmed,RCB,All-Rounder ,2.4,Shahbaz Ahmed,"27 Years, 3 Months, 3 Days",India,Left Handed,Slow left-arm orthodox,13,8,1,60,14 v SRH,0,0,4,2,8.57,111.11,5,0,0,0,8,20,0,136,9,3/7 v SRH,1,0,15.11,6.8,13.33,8,0
Yashasvi Jaiswal,RR,Batsman ,4,Yashasvi Bhupendra Kumar Jaiswal,"20 Years, 2 Months, 18 Days",India,Left Handed,Leg break,13,13,0,289,50 v CSK,0,1,34,12,22.23,136.32,4,0,2,0,,,,,,,,,,,,,0
Chetan Sakariya,DC,Bowler ,4.2,Chetan Sakariya,"24 Years, 0 Months, 15 Days",India,Left Handed,Left-arm medium fast,14,6,1,16,7 v PBKS,0,0,2,0,3.2,64,4,0,2,1,14,52,1,426,14,3/31 v PBKS,2,0,30.42,8.19,22.28,14,0
Kartik Tyagi,SRH,Bowler ,4,Kartik Tyagi,"21 Years, 4 Months, 7 Days",India,Right Handed,Right-arm medium fast,14,5,3,6,2* v DC,0,0,0,0,3,60,3,0,1,0,14,52.1,0,491,13,2/29 v PBKS,0,0,37.76,9.41,24.07,14,0
Lungi Ngidi,DC,Bowler ,0.5,Lungisani True-man Ngidi,"25 Years, 11 Months, 17 Days",South Africa,Right Handed,Right-arm fast medium,14,0,0,,,0,0,0,0,,0,2,0,0,0,14,54,2,448,25,4/10 v PBKS,3,0,17.92,8.29,12.96,14,0
Jagadeesha Suchith,SRH,Bowler ,0.2,Jagadeesha Suchith,"28 Years, 2 Months, -1 Days",India,Left Handed,Slow left-arm orthodox,17,8,6,68,34* v PBKS,0,0,6,3,34,128.3,9,0,2,1,16,52,0,462,12,2/14 v SRH,0,0,38.5,8.88,26,16,0
Mohammad Nabi,KKR,All-Rounder ,1,Mohammad Nabi,"37 Years, 2 Months, 14 Days",Afghanistan,Right Handed,Off break,17,14,2,180,31 v MI,0,0,16,9,15,151.26,11,0,0,1,17,57.1,0,408,13,4/11 v RCB,0,0,31.38,7.13,26.38,17,0
Mayank Markande,MI,Bowler ,0.65,Mayank Markande,"24 Years, 4 Months, 4 Days",India,Right Handed,Leg break,18,8,5,27,7* v PBKS,0,0,3,0,9,93.1,3,0,2,0,18,53,0,453,16,4/23 v SRH,1,0,28.31,8.54,19.87,18,0
Jayant Yadav,GT,All-Rounder ,1.7,Jayant Yadav,"32 Years, 1 Months, 21 Days",India,Right Handed,Off break,19,5,1,40,23 v DC,0,0,2,1,10,111.11,6,0,1,2,19,61,0,419,8,1/8 v CSK,0,0,52.37,6.86,45.75,19,0
Priyam Garg,SRH,Batsman ,0.2,Priyam K Garg,"21 Years, 3 Months, 15 Days",India,Right Handed,Right-arm medium,19,15,1,205,51* v CSK,0,1,11,7,14.64,110.81,6,0,2,1,,,,,,,,,,,,,0
Basil Thampi,MI,Bowler ,0.3,Basil Thampi,"28 Years, 6 Months, 4 Days",India,Right Handed,Right-arm fast medium,20,8,7,32,13* v SRH,0,0,1,1,32,91.42,4,0,2,0,20,70.5,0,694,17,3/29 v MI,1,0,40.82,9.79,25,20,0
Mitchell Marsh,DC,All-Rounder ,6.5,Mitchell Ross Marsh,"30 Years, 4 Months, 27 Days",Australia,Right Handed,Right-arm medium,21,15,2,225,38 v MI,0,0,9,14,17.3,114.21,7,0,1,1,19,53.1,0,420,20,4/25 v DCH,0,0,21,7.89,15.95,19,0
Abhishek Sharma,SRH,All-Rounder ,6.5,Abhishek Sharma,"21 Years, 6 Months, 11 Days",India,Left Handed,Slow left-arm orthodox,22,20,6,241,46* v RCB,0,0,17,12,17.21,139.3,5,0,0,1,14,22,0,176,7,2/4 v MI,0,0,25.14,8,18.85,14,0
Lockie Ferguson,GT,Bowler ,10,Lachlan Hammond Ferguson,"30 Years, 9 Months, 3 Days",New Zealand,Right Handed,Right-arm fast,22,6,6,62,24* v PBKS,0,0,5,2,,151.22,3,0,2,0,22,79.5,1,648,24,3/15 v SRH,2,0,27,8.11,19.95,22,0
Ruturaj Gaikwad,CSK,Batsman ,6,Ruturaj Dashrat Gaikwad,"25 Years, 1 Months, 12 Days",India,Right Handed,Off break,22,22,4,839,101* v RR,1,7,80,29,46.61,132.12,10,0,2,1,,,,,,,,,,,,,0
Sam Billings,KKR,Wicket-Keeper ,2,Samuel William Billings,"30 Years, 9 Months, 1 Days",England,Right Handed,,22,19,0,334,56 v KKR,0,3,31,10,17.57,133.6,13,0,3,1,,,,,,,,,,,,,0
Abdul Samad,SRH,Batsman ,4,Abdul Samad Farooq,"20 Years, 4 Months, 18 Days",India,Right Handed,Leg break,23,18,4,222,33 v DC,0,0,12,14,15.85,146.05,13,0,2,1,4,8,0,105,2,1/9 v PBKS,0,0,52.5,13.12,24,4,0
Arshdeep Singh,PBKS,Bowler ,4,Arshdeep Singh,"23 Years, 1 Months, 8 Days",India,Left Handed,Left-arm medium fast,23,3,2,2,1* v KKR,0,0,0,0,2,33.33,6,0,1,0,23,76.1,1,669,30,5/32 v RR,3,1,22.3,8.78,15.23,23,0
Ravi Bishnoi,LSG,Bowler ,4,Ravi Bishnoi,"21 Years, 6 Months, 10 Days",India,Right Handed,Leg break googly,23,4,2,8,6* v SRH,0,0,1,0,4,50,4,0,1,0,23,87,1,606,24,3/24 v SRH,3,0,25.25,6.96,21.75,23,0
Anrich Nortje,DC,Bowler ,6.5,Anrich Arno Nortje,"28 Years, 4 Months, -1 Days",South Africa,Right Handed,Right-arm fast,24,5,4,7,3* v PBKS,0,0,0,0,7,116.66,5,0,2,0,24,91.2,1,699,34,3/33 v KKR,2,0,20.55,7.65,16.11,24,0
Chris Jordan,CSK,All-Rounder ,3.6,Christopher James Jordan,"33 Years, 5 Months, 11 Days",England,Right Handed,Right-arm fast medium,24,9,2,64,30 v KKR,0,0,3,3,9.14,112.28,9,0,2,2,24,76.3,0,698,25,4/11 v GL,2,0,27.92,9.12,18.36,24,0
Khaleel Ahmed,DC,Bowler ,5.25,Khaleel Khursheed Ahmed,"24 Years, 3 Months, 10 Days",India,Right Handed,Left-arm medium,24,3,0,1,1 v MI,0,0,0,0,0.33,20,1,0,2,1,24,90.3,0,786,32,3/21 v PBKS,6,0,24.56,8.68,16.96,24,0
Krishnappa Gowtham,LSG,All-Rounder ,0.9,Krishnappa Gowtham,"33 Years, 4 Months, 26 Days",India,Right Handed,Off break,24,19,6,186,33* v MI,0,0,13,12,14.3,169.09,10,0,2,1,24,68,0,562,13,2/12 v PBKS,0,0,43.23,8.26,31.38,24,0
Shivam Dube,CSK,All-Rounder ,4,Shivam Dube,"28 Years, 8 Months, 19 Days",India,Left Handed,Right-arm medium,24,22,4,399,64* v CSK,0,1,24,22,22.16,120.54,5,0,0,1,11,15.4,0,130,4,2/15 v SRH,0,0,32.5,8.29,23.5,11,0
T Natarajan,SRH,Bowler ,4,Thangarasu Natarajan,"30 Years, 9 Months, 20 Days",India,Left Handed,Left-arm medium,24,4,4,3,3* v RCB,0,0,0,0,,60,3,0,3,0,24,83.3,1,688,20,2/24 v PBKS,0,0,34.4,8.23,25.05,24,0
Avesh Khan,LSG,Bowler ,10,Avesh Khan,"25 Years, 3 Months, 2 Days",India,Right Handed,Right-arm medium fast,25,2,1,9,5 v KKR,0,0,2,0,9,150,5,0,0,1,25,91,0,749,29,3/13 v KKR,4,0,25.82,8.23,18.82,25,0
Jason Holder,LSG,All-Rounder ,8.75,Jason Omar Holder,"30 Years, 4 Months, 11 Days",West Indies,Right Handed,Right-arm medium fast,26,16,3,189,47* v PBKS,0,0,11,11,14.53,121.15,7,0,1,2,26,95.5,0,786,35,4/52 v MI,5,0,22.45,8.2,16.42,26,0
Rishi Dhawan,PBKS,All-Rounder ,0.55,Rishi Dhawan,"32 Years, 0 Months, 24 Days",India,Right Handed,Right-arm medium fast,26,17,10,153,25* v CSK,0,0,13,4,21.85,113.33,6,0,2,1,25,81.2,1,640,18,2/14 v RCB,0,0,35.55,7.86,27.11,25,0
Shivam Mavi,KKR,All-Rounder ,7.25,Shivam Pankaj Mavi,"23 Years, 3 Months, 19 Days",India,Right Handed,Right-arm fast medium,26,9,2,48,20 v CSK,0,0,4,2,6.85,97.95,12,0,3,0,26,86.1,2,715,25,4/21 v RR,0,0,28.6,8.29,20.68,26,0
Jonny Bairstow,PBKS,Wicket-Keeper ,6.75,Jonathan Marc Bairstow,"32 Years, 5 Months, 19 Days",England,Right Handed,Right-arm medium,28,28,3,1038,114 v RCB,1,7,99,46,41.52,142.19,18,4,2,0,,,,,,,,,,,,,0
Navdeep Saini,RR,Bowler ,2.6,Navdeep Amarjeet Saini,"29 Years, 3 Months, 22 Days",India,Right Handed,Right-arm fast,28,6,3,31,12* v DC,0,0,3,0,10.33,88.57,6,0,1,0,28,97.4,1,828,17,2/24 v DC,0,0,48.7,8.47,34.47,28,0
Ankit Rajpoot,LSG,Bowler ,0.5,Ankit Singh Rajpoot,"28 Years, 3 Months, 11 Days",India,Right Handed,Right-arm fast,29,7,2,26,8 v SRH,0,0,2,1,5.2,63.41,4,0,0,1,29,88.1,1,814,24,5/14 v SRH,1,1,33.91,9.23,22.04,29,0
Devdutt Padikkal,RR,Batsman ,7.75,Devdutt Babunu Padikkal,"21 Years, 8 Months, 8 Days",India,Left Handed,Off break,29,29,1,884,101* v RR,1,6,95,22,31.57,125.03,15,0,2,1,,,,,,,,,,,,,0
Riyan Parag,RR,All-Rounder ,3.8,Riyan Parag,"20 Years, 4 Months, 5 Days",India,Right Handed,Leg break,30,23,3,339,50 v DC,0,1,29,12,16.95,118.53,12,0,3,2,15,22.1,0,221,3,1/7 v PBKS,0,0,73.66,9.96,44.33,15,0
Shimron Hetmyer,RR,Batsman ,8.5,Shimron Odilon Hetmyer,"25 Years, 2 Months, 20 Days",West Indies,Left Handed,,31,29,9,517,75 v SRH,0,2,34,31,25.85,151.17,14,0,3,2,,,,,,,,,,,,,0
Varun Chakravarthy,KKR,Bowler ,8,Varun Chakravarthy Vinod,"30 Years, 6 Months, 18 Days",India,Right Handed,Leg break googly,31,6,3,12,7* v RCB,0,0,0,0,4,63.15,4,0,2,2,31,123,0,839,36,5/20 v DC,1,1,23.3,6.82,20.5,31,0
Nicholas Pooran,SRH,Wicket-Keeper ,10.75,Nicholas Pooran,"26 Years, 5 Months, 14 Days",West Indies,Left Handed,,33,31,4,606,77 v SRH,0,2,35,44,22.44,154.98,11,0,5,1,,,,,,,,,,,,,0
Moeen Ali,CSK,All-Rounder ,8,Moeen Munir Ali,"34 Years, 8 Months, 28 Days",England,Left Handed,Off break,34,32,3,666,66 v KKR,0,4,52,42,22.96,146.37,11,0,4,3,27,68.3,0,469,16,3/7 v RR,1,0,29.31,6.84,25.68,27,0
Murugan Ashwin,MI,Bowler ,1.6,Murugan Ashwin,"31 Years, 6 Months, 7 Days",India,Right Handed,Leg break googly,34,8,2,23,9 v SRH,0,0,1,0,3.83,63.88,7,0,1,1,34,112,0,881,26,3/21 v RCB,2,0,33.88,7.86,25.84,34,0
Prasidh Krishna,RR,Bowler ,10,Muralikrishna Prasidh Krishna,"26 Years, 0 Months, 25 Days",India,Right Handed,Right-arm medium fast,34,7,5,3,2* v RCB,0,0,0,0,1.5,25,7,0,5,1,34,124.2,0,1152,30,4/30 v SRH,2,0,38.4,9.26,24.86,34,0
Jofra Archer,MI,All-Rounder ,8,Jofra Chioke Archer,"26 Years, 11 Months, 15 Days",England,Right Handed,Right-arm fast,35,23,10,195,27* v CSK,0,0,11,14,15,157.25,9,0,5,1,35,137.3,2,981,46,3/15 v PBKS,6,0,21.32,7.13,17.93,35,0
Pat Cummins,KKR,All-Rounder ,7.25,Patrick James Cummins,"28 Years, 10 Months, 7 Days",Australia,Right Handed,Right-arm fast,37,26,10,316,66* v CSK,0,2,19,20,19.75,140.44,7,0,4,0,37,139,1,1145,38,4/34 v RR,2,0,30.13,8.23,21.94,37,0
Mustafizur Rahman,DC,Bowler ,2,Mustafizur Rahman,"26 Years, 6 Months, 10 Days",Bangladesh,Left Handed,Left-arm fast medium,38,7,6,9,8* v MI,0,0,0,1,9,52.94,5,0,5,0,38,143,1,1121,38,3/16 v MI,3,0,29.5,7.83,22.57,38,0
Nathan Coulter-Nile,RR,Bowler ,2,Nathan Mitchell Coulter-Nile,"34 Years, 5 Months, 5 Days",Australia,Right Handed,Right-arm fast,38,16,5,81,24* v PBKS,0,0,7,4,7.36,115.71,12,0,1,1,37,139.5,1,1052,48,4/14 v RR,5,0,21.91,7.52,17.47,37,0
Pradeep Sangwan,GT,All-Rounder ,0.2,Pradeep Jaibeer Sangwan,"31 Years, 4 Months, 10 Days",India,Right Handed,Left-arm medium,39,14,7,24,6* v MI,0,0,1,0,3.42,61.53,6,0,6,1,39,133.4,1,1175,35,3/18 v DCH,3,0,33.57,8.79,22.91,39,0
Sarfaraz Khan,DC,All-Rounder ,0.2,Sarfaraz Naushad Khan,"24 Years, 4 Months, 24 Days",India,Right Handed,Leg break,40,28,9,441,67 v CSK,0,1,50,11,23.21,138.24,6,0,4,1,1,0.2,0,6,0,0/6 v RCB,0,0,,18,,1,0
Gurkeerat Singh Mann,GT,All-Rounder ,0.5,Gurkeerat Rupinder Singh,"31 Years, 8 Months, 16 Days",India,Right Handed,Off break,41,32,8,511,65 v SRH,0,2,55,11,21.29,121.09,19,1,4,1,6,13,0,97,5,2/15 v RPS,0,0,19.4,7.46,15.6,6,0
Rahul Chahar,PBKS,Bowler ,5.25,Rahul Desraj Chahar,"22 Years, 7 Months, 12 Days",India,Right Handed,Leg break googly,42,11,4,31,10 v SRH,0,0,3,0,4.42,96.87,11,0,4,1,41,150,0,1117,43,4/27 v KKR,3,0,25.97,7.44,20.93,41,0
Washington Sundar,SRH,All-Rounder ,8.75,Washington Sundar,"22 Years, 5 Months, 11 Days",India,Left Handed,Off break,42,26,10,217,35 v RR,0,0,17,6,13.56,111.28,9,0,4,0,41,125,1,867,27,3/16 v MI,2,0,32.11,6.93,27.77,41,0
Tim Southee,KKR,Bowler ,1.5,Timothy Grant Southee,"33 Years, 3 Months, 4 Days",New Zealand,Right Handed,Right-arm medium fast,43,15,6,118,36* v CSK,0,0,8,4,13.11,124.21,19,0,1,3,43,160,2,1388,31,3/24 v SRH,2,0,44.77,8.67,30.96,43,0
Kuldeep Yadav,DC,Bowler ,2,Kuldeep Yadav,"27 Years, 3 Months, 1 Days",India,Left Handed,Slow left-arm chinaman,45,11,5,57,16 v MI,0,0,5,0,9.5,76,11,0,3,3,43,149.2,0,1236,40,4/20 v RR,2,0,30.9,8.27,22.4,43,0
Vijay Shankar,GT,All-Rounder ,1.4,Vijay Shankar,"31 Years, 1 Months, 18 Days",India,Right Handed,Right-arm medium,47,39,12,712,63* v GL,0,3,45,28,26.37,126.24,21,0,3,1,20,38.1,0,329,9,2/19 v MI,0,0,36.55,8.62,25.44,20,0
Shreyas Gopal,SRH,Bowler ,0.75,Shreyas Gopal,"28 Years, 6 Months, 11 Days",India,Right Handed,Leg break,48,21,7,171,24 v PBKS,0,0,17,2,12.21,105.55,11,0,4,2,47,155.1,1,1247,48,4/16 v RCB,4,0,25.97,8.03,19.39,47,0
Kagiso Rabada,PBKS,Bowler ,9.25,Kagiso Rabada,"26 Years, 9 Months, 22 Days",South Africa,Left Handed,Right-arm fast,50,18,8,138,44 v MI,0,0,11,4,13.8,102.98,23,0,5,2,50,190,2,1560,76,4/21 v RCB,4,0,20.52,8.21,15,50,0
Mohammed Siraj,RCB,Bowler ,7,Mohammed Siraj,"28 Years, 0 Months, 2 Days",India,Right Handed,Right-arm medium fast,50,15,10,66,14 v RR,0,0,5,2,13.2,86.84,16,0,5,1,50,171.2,4,1437,50,4/32 v GL,3,0,28.74,8.38,20.56,50,0
Varun Aaron,GT,Bowler ,0.5,Varun Raymond Aaron,"32 Years, 4 Months, 17 Days",India,Right Handed,Right-arm fast,50,13,8,50,17* v PBKS,0,0,2,2,10,69.44,3,0,5,2,48,160.4,2,1429,42,3/16 v KKR,1,0,34.02,8.89,22.95,48,0
Manan Vohra,LSG,Batsman ,0.2,Manan Vohra,"28 Years, 7 Months, 28 Days",India,Right Handed,Right-arm medium,53,49,2,1054,95 v SRH,0,3,102,41,22.42,130.6,13,0,3,4,,,,,,,,,,,,,0
Prithvi Shaw,DC,Batsman ,7.5,Prithvi Pankaj Shaw,"22 Years, 4 Months, 7 Days",India,Right Handed,Off break,53,53,0,1305,99 v KKR,0,10,155,45,24.62,146.3,11,0,4,3,,,,,,,,,,,,,0
Siddarth Kaul,RCB,Bowler ,0.75,Siddarth Kaul,"31 Years, 9 Months, 27 Days",India,Right Handed,Right-arm medium,54,12,8,20,7* v KKR,0,0,1,0,5,55.55,8,0,6,2,54,197.3,3,1696,58,4/29 v RPS,3,0,29.24,8.58,20.43,54,0
Marcus Stoinis,LSG,All-Rounder ,9.2,Marcus Peter Stoinis,"32 Years, 7 Months, -1 Days",Australia,Right Handed,Right-arm medium,56,49,16,914,65 v MI,0,4,76,35,27.69,135.81,12,0,5,2,45,102,0,969,30,4/15 v MI,2,0,32.3,9.5,20.4,45,0
Shubman Gill,GT,Batsman ,8,Shubman Gill,"22 Years, 6 Months, 8 Days",India,Right Handed,Off break,58,55,10,1417,76 v MI,0,10,137,36,31.48,123,23,0,2,6,,,,,,,,,,,,,0
Ishan Kishan,MI,Wicket-Keeper ,15.25,Ishan Pranav Kumar Pandey Kishan,"23 Years, 7 Months, 28 Days",India,Left Handed,Left-arm medium,61,56,5,1452,99 v RCB,0,9,121,74,28.47,136.33,19,2,5,5,,,,,,,,,,,,,0
Shardul Thakur,DC,Bowler ,10.75,Shardul Narendra Thakur,"30 Years, 5 Months, 0 Days",India,Right Handed,Right-arm medium fast,61,14,6,53,15* v SRH,0,0,5,1,6.62,112.76,17,0,5,2,60,210,2,1867,67,3/19 v PBKS,5,0,27.86,8.89,18.8,60,0
Rahul Tripathi,SRH,Batsman ,8.5,Rahul Ajay Tripathi,"31 Years, 0 Months, 14 Days",India,Right Handed,Right-arm medium,62,60,7,1385,93 v KKR,0,7,136,48,26.13,136.31,23,0,1,4,1,1,0,12,0,0/12 v KKR,0,0,,12,,1,0
Trent Boult,RR,Bowler ,8,Trent Alexander Boult,"32 Years, 7 Months, 24 Days",New Zealand,Right Handed,Left-arm fast medium,62,10,7,13,6 v CSK,0,0,0,1,4.33,68.42,23,0,6,0,62,236.1,5,1983,76,4/18 v CSK,5,0,26.09,8.39,18.64,62,0
Deepak Chahar,CSK,Bowler ,14,Deepak Lokandersingh Chahar,"29 Years, 7 Months, 8 Days",India,Right Handed,Right-arm medium,63,12,5,79,39 v PBKS,0,0,2,6,11.28,138.59,12,0,4,0,63,220.4,6,1722,59,4/13 v PBKS,3,0,29.18,7.8,22.44,63,0
Harshal Patel,RCB,All-Rounder ,10.75,Harshal Vikram Patel,"31 Years, 3 Months, 22 Days",India,Right Handed,Right-arm medium,63,28,11,187,36* v CSK,0,0,11,11,11,134.53,15,0,9,3,61,210.4,0,1808,78,5/27 v MI,6,1,23.17,8.58,16.2,61,0
Kane Williamson,SRH,Batsman ,14,Kane Stuart Williamson,"31 Years, 7 Months, 7 Days",New Zealand,Right Handed,Off break,63,62,15,1885,89 v DC,0,17,165,56,40.1,131.26,29,0,1,3,2,3,0,31,0,0/7 v KKR,0,0,,10.33,,2,1
Jos Buttler,RR,Wicket-Keeper ,10,Joseph Charles Buttler,"31 Years, 6 Months, 7 Days",England,Right Handed,,65,64,8,1968,124 v SRH,1,11,194,90,35.14,150,34,1,1,3,,,,,,,,,,,,,0
Karn Sharma,RCB,Bowler ,0.5,Karn Vinod Sharma,"34 Years, 4 Months, 24 Days",India,Left Handed,Leg break googly,68,35,14,317,39* v CSK,0,0,18,14,15.09,115.69,14,0,2,3,66,203.4,1,1610,59,4/16 v KKR,2,0,27.28,7.9,20.71,66,0
Shahbaz Nadeem,LSG,Bowler ,0.5,Shahbaz Nadeem,"32 Years, 7 Months, 3 Days",India,Right Handed,Slow left-arm orthodox,72,22,8,39,6 v PWI,0,0,2,0,2.78,44.82,16,0,9,2,70,235.5,2,1784,48,3/16 v DCH,1,0,37.16,7.56,29.47,70,0
Karun Nair,RR,Batsman ,1.4,Karun Kaladharan Nair,"30 Years, 3 Months, 10 Days",India,Right Handed,Off break,73,66,5,1480,83* v SRH,0,10,160,39,24.26,128.36,22,0,3,1,,,,,,,,,,,,,0
Rashid Khan,GT,Bowler ,15,Rashid Khan Arman,"23 Years, 5 Months, 25 Days",Afghanistan,Right Handed,Leg break googly,76,35,11,222,34* v KKR,0,0,17,13,9.25,137.03,20,0,11,2,76,302,4,1912,93,3/7 v DC,10,0,20.55,6.33,19.48,76,0
Mohammed Shami,GT,Bowler ,6.25,Mohammed Shami Ahmed,"31 Years, 6 Months, 12 Days",India,Right Handed,Right-arm fast,77,23,12,69,21 v RCB,0,0,5,2,6.27,94.52,11,0,7,2,77,278.2,1,2402,79,3/15 v DC,6,0,30.4,8.62,21.13,77,0
Nitish Rana,KKR,All-Rounder ,8,Nitish Rana,"28 Years, 2 Months, 19 Days",India,Left Handed,Off break,77,71,7,1820,87 v CSK,0,13,161,89,28.43,132.46,15,0,6,3,16,19.1,0,154,7,2/11 v RCB,0,0,22,8.03,16.42,16,0
Quinton de Kock,LSG,Wicket-Keeper ,6.75,Quinton de Kock,"29 Years, 2 Months, 29 Days",South Africa,Left Handed,,77,77,5,2256,108 v RCB,1,16,230,83,31.33,130.93,53,14,3,3,,,,,,,,,,,,,0
Deepak Hooda,LSG,All-Rounder ,5.75,Deepak Jagbir Hooda,"26 Years, 10 Months, 27 Days",India,Right Handed,Off break,80,61,14,785,64 v RR,0,3,41,38,16.7,129.53,32,0,3,7,28,54.1,0,458,9,2/16 v KKR,0,0,50.88,8.45,36.11,28,0
Andre Russell,KKR,All-Rounder ,12,Andre Dwayne Russell,"33 Years, 10 Months, 16 Days",West Indies,Right Handed,Right-arm fast,84,70,12,1700,88* v CSK,0,9,119,143,29.31,178.57,25,0,3,5,76,210.1,0,1901,72,5/15 v MI,6,1,26.4,9.04,17.51,76,0
Krunal Pandya,LSG,All-Rounder ,8.25,Krunal Himashu Pandya,"30 Years, 11 Months, 23 Days",India,Left Handed,Slow left-arm orthodox,84,72,22,1143,86 v DC,0,1,105,46,22.86,138.54,28,0,6,4,81,240.4,0,1773,51,3/14 v GL,4,0,34.76,7.36,28.31,81,0
Rishabh Pant,DC,Wicket-Keeper ,16,Rishabh Rajendra Pant,"24 Years, 5 Months, 11 Days",India,Left Handed,,84,84,13,2498,128* v SRH,1,15,225,113,35.18,147.46,56,14,4,6,,,,,,,,,,,,,1
Jaydev Unadkat,MI,Bowler ,1.3,Jaydev Dipakbhai Unadkat,"30 Years, 4 Months, 29 Days",India,Right Handed,Left-arm medium,86,21,12,105,26 v KKR,0,0,9,3,11.66,109.37,24,0,8,1,85,296,3,2588,85,5/25 v DC,5,2,30.44,8.74,20.89,85,0
Shreyas Iyer,KKR,Batsman ,12.25,Shreyas Santosh Iyer,"27 Years, 3 Months, 9 Days",India,Right Handed,Leg break googly,87,87,12,2375,96 v GL,0,16,196,88,31.66,123.95,34,0,6,4,,,,,,,,,,,,,1
David Miller,GT,Batsman ,3,David Andrew Miller,"32 Years, 9 Months, 5 Days",South Africa,Left Handed,Off break,89,86,26,1974,101* v RCB,1,10,137,90,32.9,136.51,53,0,3,3,,,,,,,,,,,,,0
Hardik Pandya,GT,All-Rounder ,15,Hardik Himanshu Pandya,"28 Years, 5 Months, 4 Days",India,Right Handed,Right-arm medium fast,92,85,31,1476,91 v KKR,0,4,97,98,27.33,153.91,53,0,5,1,60,144.5,0,1313,42,3/20 v CSK,3,0,31.26,9.06,20.69,60,0
KL Rahul,LSG,Wicket-Keeper ,17,Kannaur Lokesh Rahul,"29 Years, 10 Months, 27 Days",India,Right Handed,,94,85,16,3273,132* v RCB,2,27,282,134,47.43,136.37,50,5,2,2,,,,,,,,,,,,,1
Glenn Maxwell,RCB,All-Rounder ,11,Glenn James Maxwell,"33 Years, 5 Months, 1 Days",Australia,Right Handed,Off break,97,93,13,2018,95 v CSK,0,12,166,112,25.22,151.84,35,0,12,4,56,107,0,915,22,2/15 v RCB,0,0,41.59,8.55,29.18,56,1
Sandeep Sharma,PBKS,Bowler ,0.5,Sandeep Sharma,"28 Years, 9 Months, 28 Days",India,Right Handed,Right-arm medium,99,25,19,52,9 v RCB,0,0,4,0,8.66,81.25,12,0,9,1,99,366.2,8,2849,112,4/20 v DC,9,0,25.43,7.77,19.62,99,0
Faf du Plessis,RCB,Batsman ,7,Francois du Plessis,"37 Years, 8 Months, 2 Days",South Africa,Right Handed,Leg break,100,93,9,2935,96 v PBKS,0,22,265,96,34.94,131.08,66,0,5,9,1,1,0,16,0,0/16 v DCH,0,0,,16,,1,0
Mayank Agarwal,PBKS,Batsman ,12,Mayank Anurag Agarwal,"31 Years, 0 Months, 28 Days",India,Right Handed,Off break,100,95,4,2131,106 v RR,1,11,203,85,23.41,135.47,40,0,6,4,,,,,,,,,,,,,0
Mandeep Singh,DC,Batsman ,1.1,Mandeep Singh,"30 Years, 2 Months, 29 Days",India,Right Handed,Right-arm medium,105,92,16,1674,77* v PWI,0,6,172,37,22.02,124.09,37,0,12,3,2,2,0,26,0,0/8 v RR,0,0,,13,,2,0
Jasprit Bumrah,MI,Bowler ,12,Jasprit Jasbirsingh Bumrah,"28 Years, 3 Months, 9 Days",India,Right Handed,Right-arm fast,106,20,15,56,16* v RPS,0,0,4,1,11.2,96.55,13,0,7,1,106,403.4,5,2997,130,4/14 v DC,14,0,23.05,7.42,18.63,106,0
Axar Patel,DC,All-Rounder ,9,Axar Rajeshbhai Patel,"28 Years, 1 Months, 23 Days",India,Left Handed,Slow left-arm orthodox,109,78,23,953,44 v DC,0,0,55,44,17.32,125.23,44,0,7,6,108,382.3,2,2762,95,4/21 v GL,3,0,29.07,7.22,24.15,108,0
Yuzvendra Chahal,RR,Bowler ,6.5,Yuzvendra Singh Chahal,"31 Years, 7 Months, 23 Days",India,Right Handed,Leg break googly,114,18,12,32,8* v CSK,0,0,0,0,5.33,41.02,24,0,5,2,113,408,4,3097,139,4/25 v PBKS,9,0,22.28,7.59,17.61,113,0
Suryakumar Yadav,MI,Batsman ,8,Suryakumar Ashok Yadav,"31 Years, 6 Months, 1 Days",India,Right Handed,Right-arm medium,115,100,19,2341,82 v SRH,0,13,261,68,28.9,135.71,55,0,7,5,1,1,0,8,0,0/8 v DC,0,0,,8,,1,0
Sanju Samson,RR,Wicket-Keeper ,14,Sanju Viswanath Samson,"27 Years, 4 Months, 4 Days",India,Right Handed,,121,117,12,3068,119 v PBKS,3,15,236,132,29.21,134.2,59,10,8,6,,,,,,,,,,,,,1
Umesh Yadav,KKR,Bowler ,2,Umeshkumar Tilak Yadav,"34 Years, 4 Months, 22 Days",India,Right Handed,Right-arm fast,121,38,24,122,24* v RR,0,0,11,4,8.71,95.31,29,0,11,2,120,420.2,3,3579,119,4/24 v RR,12,0,30.07,8.51,21.19,120,0
Bhuvneshwar Kumar,SRH,Bowler ,4.2,Bhuvneshwar Kumar Singh,"32 Years, 1 Months, 7 Days",India,Right Handed,Right-arm medium,132,51,25,217,24* v CSK,0,0,20,3,8.34,96.87,27,0,9,4,132,491.3,9,3588,142,5/19 v PBKS,9,1,25.26,7.3,20.76,132,0
Wriddhiman Saha,GT,Wicket-Keeper ,1.9,Wriddhiman Prasanta Saha,"37 Years, 4 Months, 22 Days",India,Right Handed,,133,108,22,2110,115* v KKR,1,8,191,69,24.53,128.73,69,20,6,8,,,,,,,,,,,,,0
Sunil Narine,KKR,All-Rounder ,6,Sunil Philip Narine,"33 Years, 9 Months, 20 Days",West Indies,Left Handed,Off break,134,76,15,954,75 v PBKS,0,4,106,57,15.63,161.69,21,0,13,5,133,520.1,3,3508,143,5/19 v PBKS,6,1,24.53,6.74,21.82,133,0
David Warner,DC,Batsman ,6.25,David Andrew Warner,"35 Years, 4 Months, 19 Days",Australia,Left Handed,Leg break,150,150,19,5449,126 v KKR,4,50,525,201,41.59,139.96,68,0,8,9,1,0.1,0,2,0,0/2 v DC,0,0,,12,,1,1
Ajinkya Rahane,KKR,Batsman ,1,Ajinkya Madhukar Rahane,"33 Years, 9 Months, 9 Days",India,Right Handed,Right-arm medium,151,141,16,3941,105* v DC,2,28,417,76,31.52,121.33,58,0,13,7,1,1,0,5,1,1/5 v PBKS,0,0,5,5,6,1,1
Dwayne Bravo,CSK,All-Rounder ,4.4,Dwayne John Bravo,"38 Years, 5 Months, 9 Days",West Indies,Right Handed,Right-arm medium,151,107,40,1537,70* v PBKS,0,5,119,65,22.94,130.25,77,0,8,2,148,485.3,2,4061,167,4/22 v PBKS,12,0,24.31,8.36,17.44,148,0
Manish Pandey,LSG,Batsman ,4.6,Manish Krishnanand Pandey,"32 Years, 6 Months, 5 Days",India,Right Handed,Right-arm medium,154,143,27,3560,114* v DCH,1,21,309,103,30.68,121.83,75,0,13,6,,,,,,,,,,,,,0
Ravichandran Ashwin,RR,All-Rounder ,5,Ravichandran Ashwin,"35 Years, 5 Months, 28 Days",India,Right Handed,Off break,167,63,22,456,45 v KKR,0,0,37,12,11.12,109.88,37,0,15,5,164,583,4,4031,145,4/34 v PBKS,6,0,27.8,6.91,24.12,164,0
Ambati Rayudu,CSK,Wicket-Keeper ,6.75,Ambati Thirupathi Rayudu,"36 Years, 5 Months, 22 Days",India,Right Handed,Off break,175,164,31,3916,100* v SRH,1,21,324,149,29.44,127.47,58,2,14,14,,,,,,,,,,,,,0
Kieron Pollard,MI,All-Rounder ,6,Kieron Adrian Pollard,"34 Years, 10 Months, 4 Days",West Indies,Right Handed,Right-arm medium,178,160,51,3268,87* v CSK,0,16,212,214,29.98,149.77,96,0,8,4,101,234,0,2055,65,4/44 v RR,2,0,31.61,8.78,21.6,101,0
Shikhar Dhawan,PBKS,Batsman ,8.25,Shikhar Dhawan,"36 Years, 3 Months, 10 Days",India,Left Handed,Off break,192,191,25,5784,106* v PBKS,2,44,654,124,34.84,126.64,82,0,11,16,6,8,0,66,4,1/7 v DC,0,0,16.5,8.25,12,6,0
Robin Uthappa,CSK,Batsman ,2,Robin Venu Uthappa,"36 Years, 4 Months, 4 Days",India,Right Handed,Right-arm medium,193,186,17,4722,87 v RPS,0,25,462,168,27.94,130.15,87,32,7,9,,,,,,,,,,,,,0
Ravindra Jadeja,CSK,All-Rounder ,16,Ravindrasinh Anirudhsinh Jadeja,"33 Years, 3 Months, 9 Days",India,Left Handed,Slow left-arm orthodox,200,151,63,2386,62* v RCB,0,2,176,85,27.11,128.14,81,0,10,5,171,501.1,2,3816,127,5/16 v DCH,8,1,30.04,7.61,23.67,171,0
Virat Kohli,RCB,Batsman ,15,Virat Kohli,"33 Years, 4 Months, 10 Days",India,Right Handed,Right-arm medium,207,199,31,6283,113 v PBKS,5,42,546,210,37.39,129.94,84,0,6,7,26,41.5,0,368,4,2/25 v DCH,0,0,92,8.79,62.75,26,1
Dinesh Karthik,RCB,Wicket-Keeper ,5.5,Krishnakumar Dinesh Karthik,"36 Years, 9 Months, 14 Days",India,Right Handed,Off break,213,192,35,4046,97* v RR,0,19,399,112,25.77,129.72,123,32,14,12,,,,,,,,,,,,,1
Rohit Sharma,MI,Batsman ,16,Rohit Gurunath Sharma,"34 Years, 10 Months, 16 Days",India,Right Handed,Off break,213,208,28,5611,109* v KKR,1,40,491,227,31.17,130.39,90,0,13,11,32,56.3,0,453,15,4/6 v MI,1,0,30.2,8.01,22.6,32,1
MS Dhoni,CSK,Wicket-Keeper ,12,Mahendra Singh Dhoni,"40 Years, 8 Months, 8 Days",India,Right Handed,Right-arm medium,220,193,73,4746,84* v RCB,0,23,325,219,39.55,135.83,126,39,5,9,,,,,,,,,,,,,1
